executable,returncode,n,threads,real_time_seconds,cpu_time_seconds
orig_openmp,0,5000,24,5.320657,106.216628
orig_openmp,0,10000,24,42.921878,861.327552
orig_openmp,0,15000,24,150.213320,2960.986363
orig_openmp,0,5000,24,5.382498,104.926040
orig_openmp,0,10000,24,43.143047,846.475329
orig_openmp,0,15000,24,149.283418,2936.229904
orig_openmp,0,5000,24,5.375679,105.157572
orig_openmp,0,10000,24,43.196220,857.683381
orig_openmp,0,15000,24,149.852728,2980.911047
